"","zcta","boro","pop_prc_ch","pov_pct_ch","hh_inc_med_ch","rent_gross_med_ch","norm_rental_ch","total_bach_degree_prc_ch","pop_race_asian_prc_ch","pop_race_black_prc_ch","pop_race_hisp_prc_ch","pop_race_white_prc_ch","avg_eviction_1000"
"1","10001","Manhattan","0.140643921994404","0.1599007962407","0.106581711080602","0.073744769874477","0.0105577980779484","0.0950409806711808","0.166484969512994","0.366975360227793","-0.1104005157301","-0.0945904626926264","4.69"
"2","10002","Manhattan","-0.0307731793391081","-0.0321361058601134","0.0898191768456092","0.142094017094017","0.0161846630462512","0.122720464108934","-0.0597251032053201","0.0249650268874781","0.100786415013318","-0.0146185219857452","1.31"
"3","10003","Manhattan","-0.0286908331062051","-0.0692773072269277","0.121350810505453","0.165833711949114","-0.0609055020698669","0.0365621316596499","-0.0312168534607739","0.0368653984462939","0.0595656004212516","0.00910216268250086","0.89"
"4","10004","Manhattan","0.0702341137123746","0.0702341137123746","0.0937629049483802","0.343719252213841","0.0211136424116153","0.201453507120954","0.464953100810491","-22.4467625899281","-0.0803843411757081","-0.124687497610838","2.45"
"5","10005","Manhattan","0.340552995391705","0.341129032258065","0.217128257669587","0.362941738299905","-0.02045462014879","-0.0253952038940563","-0.368452121422072","0.857479127588363","0.243227689398611","0.0131027253668763","1.8"
"6","10006","Manhattan","0.246716960044705","0.249790444258173","0.206356713481798","0.33543673198273","0.0393494644027111","0.174072727510227","-0.163085963764153","-1.10191023738872","0.528260884259478","-0.0185548523342664","2.24"
"7","10007","Manhattan","0.120523024445708","0.135862516212711","0.134019386426205","0.385064535955747","-0.172988232308815","0.0289223848047377","-0.0501243751628721","-0.315042409197643","0.00826912234542377","-0.0140774560645603","0.99"
"8","10009","Manhattan","-0.0375118471591759","-0.0341147480936366","0.0245699839725054","0.0961910910264687","0.011546221063194","0.0663677055258111","-0.202998311216886","0.148877729392929","0.0161827481959915","0.00946074774581428","1.62"
"9","10010","Manhattan","0.11241281439657","0.102443639685491","0.169684752007229","0.203740549144449","0.00417969145834471","-0.0492858281906853","0.0951775540290631","0.139487883615854","0.222043319268382","-0.0842090512705143","0.96"
"10","10011","Manhattan","-0.0225197688864349","-0.0142083760993379","0.17606811246023","0.156235294117647","-0.0774236602833457","0.00333304776820286","0.116870227955133","0.179761895134073","-0.0703984210410419","-0.00514447158787322","1.2"
"11","10012","Manhattan","-0.00717576548293717","-0.00950301785026326","0.255429844779602","0.205174761688606","0.00921972742929772","-0.0118261090584361","0.0661566284247693","0.234511458430565","0.25086967920977","-0.0505476744515809","1.59"
"12","10013","Manhattan","0.119146493804652","0.149803977987987","0.351380402806065","0.234674922600619","0.0289627992448306","0.216786048633559","-0.117501667366935","0.102074566329631","0.0780711531548223","0.0302554808402559","1.42"
"13","10014","Manhattan","0.028338680254136","0.0317101153674549","0.178389191470076","0.159596808063839","-0.0856446066193405","0.0974332341414071","-0.0869900145619975","-0.32285378406822","0.0437922281153473","0.00603208964706403","1.23"
"14","10016","Manhattan","-0.0228580314103561","-0.02663680358357","0.0665537757437071","0.201516360734238","-0.0380508074025919","0.0513567333746427","0.321285704304005","-0.124454903209532","0.117337720331749","-0.14733953056342","1.28"
"15","10017","Manhattan","0.0153160849402001","0.0168415914083476","0.0862588525268214","0.107493309545049","-0.163786398772107","0.0453214224193387","0.0276874288587708","-0.30571269221576","0.0906011872643624","-0.00566342127489141","1.77"
"16","10018","Manhattan","0.367527523407758","0.372524752475248","0.185868849723255","0.334773936170213","0.090119110015724","0.10365061740108","0.118095822241513","0.038522416999723","-0.424066404539234","0.0447171137498486","5.83"
"17","10019","Manhattan","0.0298374687439892","0.0295253729901984","0.187194007853588","0.167036872501111","-0.0547100080360487","0.0358625133214488","0.218877336838201","0.129738291458891","-0.0747742316584842","-0.08751504874996","2.59"
"18","10021","Manhattan","0.0519529600071138","0.0535738383338581","0.142165016714846","0.124288425047438","-0.060265070036424","0.0322486854918413","0.344409431339752","-1.17050065423939","0.251848874353327","-0.0789977814939064","0.89"
"19","10022","Manhattan","0.0483656311877171","0.0392143918138307","0.197585730586752","0.187576126674787","-0.124659750048997","0.030472066384711","0.102006631557493","-0.728861703462541","-0.0114588684449934","-0.0139209049692827","1.83"
"20","10023","Manhattan","0.0173456448938453","0.0194562234971315","0.150382005792612","0.174837310195228","-0.0958856589442178","-0.027655210021196","0.15177889060383","0.0317487469163792","0.102258707547051","-0.0438803222596036","0.79"
"21","10024","Manhattan","-0.00818635493573968","-0.00894046033859616","0.127003259137082","0.0774543660582141","-0.104401402909851","0.0366778389350431","0.220455700398743","-0.30124901846304","-0.0611215887537509","0.0115192433540475","0.71"
"22","10025","Manhattan","-0.0219003623572291","-0.0133528524531985","0.168654070332232","0.0360610263522885","-0.138786387782567","0.0742464426647753","0.128806489948541","-0.131925953968531","0.125882346301323","-0.0708061121860227","1.25"
"23","10026","Manhattan","0.0824834808627353","0.0800070557403488","0.226149515170472","0.188246097337006","0.0194109777039639","0.091891149747929","0.214731419672512","-0.0918118867350107","0.0784627500020176","0.0950804971271008","2.32"
"24","10027","Manhattan","0.0665034804559015","0.0693752983700471","0.216136683063949","0.177272727272727","0.00628777708214277","0.169808177643597","0.0687137521698063","-0.0794570507904815","0.0180005130847348","0.123040835665139","1.9"
"25","10028","Manhattan","0.0856840550198638","0.08586090533336","0.094183871211295","0.154991243432574","0.00986367275641906","0.098655324522516","0.29202662862491","-0.438155412882404","0.230915035120307","-0.0406712114406431","0.85"
"26","10029","Manhattan","0.0226918606089086","0.0151379319177275","0.0811700720270469","0.112849162011173","0.0112133420853792","0.25060823252227","0.158537222901873","-0.0482459589018483","-0.0291020459283545","0.0603861198734494","2.47"
"27","10030","Manhattan","0.0264894075522992","0.0283344392833444","0.15072816878011","0.17478813559322","0.0461459812947351","0.152094970175467","-0.800924301924695","-0.0791458444976008","0.116189904802847","0.174348002956018","4.41"
"28","10031","Manhattan","0.0428649289859254","0.0421291746548308","0.171321525885559","0.174193548387097","0.0156770717864684","0.15095183201481","0.55577830761678","-0.14068505163011","-0.0918065305091607","0.25886718969423","2.67"
"29","10032","Manhattan","0.0242937406029912","0.025977366255144","0.138338505609931","0.144089732528041","0.000249085039303724","0.333222539665739","0.21750478709621","-0.207087348078799","-0.00818460459448766","0.239905448428367","2.68"
"30","10033","Manhattan","0.0614537082716658","0.0644703209315535","0.220420782746399","0.167785234899329","0.0102164692679517","0.18694549611558","-0.466787356582971","0.0983820543756447","-0.0131354399447773","0.0641500635285703","2.67"
"31","10034","Manhattan","0.067577965871543","0.0660520878272519","0.15439313284488","0.146456692913386","0.0237924383536688","-0.0707787728892712","0.35891725822079","0.10133167851066","-0.0315604691621302","0.0691162995262874","3.24"
"32","10035","Manhattan","0.0185771645082848","0.0131926121372032","0.0615065158241443","0.193627450980392","0.0396258926160685","0.110085023927896","0.21568481175566","0.066838785799253","-0.0748582775632826","-0.0275945949353317","3.45"
"33","10036","Manhattan","0.165810629745422","0.166257257704332","0.316881342909281","0.22940074906367","-0.0399883842324199","0.118828906801213","0.108869264468364","-0.0802517438037561","0.171255421043579","-0.0605099857478981","4.29"
"34","10037","Manhattan","0.192834214501511","0.195498423014432","0.00205107681532805","0.162112932604736","0.0563966201697682","0.0762702923354124","-0.274640442311066","-0.101197693416951","0.363995015706086","-0.128361022155981","6.04"
"35","10038","Manhattan","0.107538852028321","0.122739261492087","0.224597798475868","0.208759124087591","-0.0766164049351704","0.15030108326766","0.0409687578337503","0.161577103396093","-0.397184088261277","0.0324810711876318","1.02"
"36","10039","Manhattan","0.067308752711098","0.0701450769570661","-0.0442436471035471","0.133037694013304","0.0452141890211483","0.119436392014463","0.276713299750506","-0.0784774183667504","0.0555094720716755","0.298943917694313","4.57"
"37","10040","Manhattan","0.0511488381192531","0.0446803704540321","0.144186145076183","0.161890007745933","-0.0151355714503487","0.106351265374666","0.0213729340533464","-0.0845775492383097","-0.0123595286264897","0.0268849786910084","2.52"
"38","10004","Manhattan","0.0702341137123746","0.0702341137123746","0.0937629049483802","0.343719252213841","0.0211136424116153","0.201453507120954","0.464953100810491","-22.4467625899281","-0.0803843411757081","-0.124687497610838","0"
"39","10005","Manhattan","0.340552995391705","0.341129032258065","0.217128257669587","0.362941738299905","-0.02045462014879","-0.0253952038940563","-0.368452121422072","0.857479127588363","0.243227689398611","0.0131027253668763","0"
"40","10044","Manhattan","-0.0306404353285894","-0.00428530616131797","0.186757068978547","0.133766233766234","-0.131942276541842","0.241317601368133","0.301245532032814","-0.327016407269839","-0.112305144582881","-0.0879162990894654","0.92"
"41","10004","Manhattan","0.0702341137123746","0.0702341137123746","0.0937629049483802","0.343719252213841","0.0211136424116153","0.201453507120954","0.464953100810491","-22.4467625899281","-0.0803843411757081","-0.124687497610838","0"
"42","10022","Manhattan","0.0483656311877171","0.0392143918138307","0.197585730586752","0.187576126674787","-0.124659750048997","0.030472066384711","0.102006631557493","-0.728861703462541","-0.0114588684449934","-0.0139209049692827","0"
"43","10065","Manhattan","-0.109656688652122","-0.108870830641597","0.115522594552855","0.184067085953878","-0.129605445585443","0.0223651551455424","-0.274395431130274","0.0614442601675853","0.270450351362722","0.0165245518538465","1.35"
"44","10069","Manhattan","-0.0315688161693936","-0.0315688161693936","-0.360774588818789","0.343934426229508","-0.189543820344836","-0.57307696932985","0.155468517940181","0.623355198647908","-4.43622785930943","-0.0509153812249599","0.77"
"45","10075","Manhattan","-0.0582873170304146","-0.0558887556088676","0.22676975785916","0.124700239808153","0.0828796506985741","-0.148110148149545","-0.525656886698691","-0.210278057004636","0.465271570681609","-0.0621478630177109","0.85"
"46","10282","Manhattan","0.0242735648476258","0.0242735648476258","0.0663677345290619","0.324442943956786","-0.13384106163835","0.139402699049762","0.372127722611413","0.575912788112935","-2.41625809575692","0.0914764520015248","0"
"47","10005","Manhattan","0.340552995391705","0.341129032258065","0.217128257669587","0.362941738299905","-0.02045462014879","-0.0253952038940563","-0.368452121422072","0.857479127588363","0.243227689398611","0.0131027253668763","0"
"48","10019","Manhattan","0.0298374687439892","0.0295253729901984","0.187194007853588","0.167036872501111","-0.0547100080360487","0.0358625133214488","0.218877336838201","0.129738291458891","-0.0747742316584842","-0.08751504874996","0"
"49","10019","Manhattan","0.0298374687439892","0.0295253729901984","0.187194007853588","0.167036872501111","-0.0547100080360487","0.0358625133214488","0.218877336838201","0.129738291458891","-0.0747742316584842","-0.08751504874996","0"
"50","10019","Manhattan","0.0298374687439892","0.0295253729901984","0.187194007853588","0.167036872501111","-0.0547100080360487","0.0358625133214488","0.218877336838201","0.129738291458891","-0.0747742316584842","-0.08751504874996","0"
"51","10019","Manhattan","0.0298374687439892","0.0295253729901984","0.187194007853588","0.167036872501111","-0.0547100080360487","0.0358625133214488","0.218877336838201","0.129738291458891","-0.0747742316584842","-0.08751504874996","0.01"
"52","10001","Manhattan","0.140643921994404","0.1599007962407","0.106581711080602","0.073744769874477","0.0105577980779484","0.0950409806711808","0.166484969512994","0.366975360227793","-0.1104005157301","-0.0945904626926264","0.01"
"53","10001","Manhattan","0.140643921994404","0.1599007962407","0.106581711080602","0.073744769874477","0.0105577980779484","0.0950409806711808","0.166484969512994","0.366975360227793","-0.1104005157301","-0.0945904626926264","0"
"54","10011","Manhattan","-0.0225197688864349","-0.0142083760993379","0.17606811246023","0.156235294117647","-0.0774236602833457","0.00333304776820286","0.116870227955133","0.179761895134073","-0.0703984210410419","-0.00514447158787322","0"
"55","10001","Manhattan","0.140643921994404","0.1599007962407","0.106581711080602","0.073744769874477","0.0105577980779484","0.0950409806711808","0.166484969512994","0.366975360227793","-0.1104005157301","-0.0945904626926264","0"
"56","10001","Manhattan","0.140643921994404","0.1599007962407","0.106581711080602","0.073744769874477","0.0105577980779484","0.0950409806711808","0.166484969512994","0.366975360227793","-0.1104005157301","-0.0945904626926264","0.01"
"57","10128","Manhattan","0.0525955086623209","0.0495978981769248","0.133673405576351","0.140457302846477","-0.0206265662209131","0.013521278124126","-0.060189619742343","-0.0728821653029352","0.236841056150002","-0.0544207556083904","0.83"
"58","10022","Manhattan","0.0483656311877171","0.0392143918138307","0.197585730586752","0.187576126674787","-0.124659750048997","0.030472066384711","0.102006631557493","-0.728861703462541","-0.0114588684449934","-0.0139209049692827","0"
"59","10022","Manhattan","0.0483656311877171","0.0392143918138307","0.197585730586752","0.187576126674787","-0.124659750048997","0.030472066384711","0.102006631557493","-0.728861703462541","-0.0114588684449934","-0.0139209049692827","0.01"
"60","10016","Manhattan","-0.0228580314103561","-0.02663680358357","0.0665537757437071","0.201516360734238","-0.0380508074025919","0.0513567333746427","0.321285704304005","-0.124454903209532","0.117337720331749","-0.14733953056342","0"
"61","10162","Manhattan","-0.200906344410876","-0.200906344410876","0.0910151755875746","0.34757091620476","0.112282402358738","-0.174047982659244","-16.0704402515723","-1","-1","0.264699094108822","0.5"
"62","10017","Manhattan","0.0153160849402001","0.0168415914083476","0.0862588525268214","0.107493309545049","-0.163786398772107","0.0453214224193387","0.0276874288587708","-0.30571269221576","0.0906011872643624","-0.00566342127489141","0"
"63","10017","Manhattan","0.0153160849402001","0.0168415914083476","0.0862588525268214","0.107493309545049","-0.163786398772107","0.0453214224193387","0.0276874288587708","-0.30571269221576","0.0906011872643624","-0.00566342127489141","0.04"
"64","10017","Manhattan","0.0153160849402001","0.0168415914083476","0.0862588525268214","0.107493309545049","-0.163786398772107","0.0453214224193387","0.0276874288587708","-0.30571269221576","0.0906011872643624","-0.00566342127489141","0"
"65","10005","Manhattan","0.340552995391705","0.341129032258065","0.217128257669587","0.362941738299905","-0.02045462014879","-0.0253952038940563","-0.368452121422072","0.857479127588363","0.243227689398611","0.0131027253668763","0"
"66","10017","Manhattan","0.0153160849402001","0.0168415914083476","0.0862588525268214","0.107493309545049","-0.163786398772107","0.0453214224193387","0.0276874288587708","-0.30571269221576","0.0906011872643624","-0.00566342127489141","0"
"67","10005","Manhattan","0.340552995391705","0.341129032258065","0.217128257669587","0.362941738299905","-0.02045462014879","-0.0253952038940563","-0.368452121422072","0.857479127588363","0.243227689398611","0.0131027253668763","0"
"68","10005","Manhattan","0.340552995391705","0.341129032258065","0.217128257669587","0.362941738299905","-0.02045462014879","-0.0253952038940563","-0.368452121422072","0.857479127588363","0.243227689398611","0.0131027253668763","0"
"69","10005","Manhattan","0.340552995391705","0.341129032258065","0.217128257669587","0.362941738299905","-0.02045462014879","-0.0253952038940563","-0.368452121422072","0.857479127588363","0.243227689398611","0.0131027253668763","0"
"70","10004","Manhattan","0.0702341137123746","0.0702341137123746","0.0937629049483802","0.343719252213841","0.0211136424116153","0.201453507120954","0.464953100810491","-22.4467625899281","-0.0803843411757081","-0.124687497610838","0"
"71","10280","Manhattan","0.225050916496945","0.225050916496945","0.220475904323531","0.372727272727273","0.0108363426285074","0.0290662206825152","0.0112737076913713","0.21379154302025","-0.454723249045157","0.0575393453227283","0.88"
"72","10280","Manhattan","0.225050916496945","0.225050916496945","0.220475904323531","0.372727272727273","0.0108363426285074","0.0290662206825152","0.0112737076913713","0.21379154302025","-0.454723249045157","0.0575393453227283","0.03"
"73","10282","Manhattan","0.0242735648476258","0.0242735648476258","0.0663677345290619","0.324442943956786","-0.13384106163835","0.139402699049762","0.372127722611413","0.575912788112935","-2.41625809575692","0.0914764520015248","0.47"
"74","10282","Manhattan","0.0242735648476258","0.0242735648476258","0.0663677345290619","0.324442943956786","-0.13384106163835","0.139402699049762","0.372127722611413","0.575912788112935","-2.41625809575692","0.0914764520015248","0"
"75","10005","Manhattan","0.340552995391705","0.341129032258065","0.217128257669587","0.362941738299905","-0.02045462014879","-0.0253952038940563","-0.368452121422072","0.857479127588363","0.243227689398611","0.0131027253668763","0"
"76","10301","Staten Island","0.0152087399558947","0.0385416666666667","0.018381167365366","0.0722402597402597","-0.00061458318256424","0.00161057476789702","0.0368218624094769","-0.0157776820606282","-0.00591291340792099","-0.0558783552679807","3.04"
"77","10302","Staten Island","0.0781595555315821","0.079196665403562","0.0670023618947645","0.0471622701838529","0.0343984809642776","0.262279018326173","0.0339858114832169","-0.261986774690512","0.0710089077168146","0.0290774325639465","2.3"
"78","10303","Staten Island","0.033754456673384","0.0350795317543655","0.162960365955458","0.0223953261927945","0.0341614698360063","0.182630821099967","-0.0469868458692166","0.0369284509473004","-0.0702409823155998","0.0758103350332414","3.04"
"79","10304","Staten Island","0.000931143157291567","-0.00262531589665579","0.049755346638078","0.0798514391829155","-0.0626907263605107","0.216158846406971","-0.196934372936581","-0.0842134414221694","0.0249020897457036","0.0526916652997065","3.36"
"80","10305","Staten Island","0.0236817848786368","0.0219911557308474","0.125795592025669","0.0794912559618442","-0.0156646039483615","0.0513276606836859","0.0704679219739495","0.302768057182034","0.164884671947832","-0.0958959912543582","1.13"
"81","10306","Staten Island","-0.0309324151718776","-0.032613971549117","0.0288034989065917","0.107963246554364","0.0514896297725731","0.0666928415824235","0.366625100446502","-0.0758992534640903","0.114512442987394","-0.0539103087917598","1.09"
"82","10307","Staten Island","0.071483771251932","0.0629429741855777","-0.0572176606519495","-0.159420289855072","0.176132077958955","0.146484119304239","-0.204372670362763","-1.19461522153911","0.0707907561840147","0.0126754070065802","0.88"
"83","10308","Staten Island","0.0413669064748201","0.040826528911848","0.0191075875719117","0.0574468085106383","0.0818917225871061","0.160721379200763","0.0959845623914376","0.988902638617221","0.318133270680745","-0.0538974594515102","0.51"
"84","10309","Staten Island","0.051010101010101","0.0784068583675656","0.13537566148112","0.0723340790454884","-0.324369632083025","0.169509912312931","-0.170102059485314","-3.30044733397581","-0.396623964539706","0.0625393129860437","0.77"
"85","10310","Staten Island","-0.0314661717563692","-0.0306075062270444","0.105687448094161","-0.0778761061946903","-0.0490173484117982","0.154809204453843","0.263867764341116","-0.0629900156259191","0.129325908964103","-0.10409287471698","2.22"
"86","10312","Staten Island","-0.001277473877297","-0.0029407415926005","0.0371267773164312","0.0546623794212219","-0.109782076407458","0.105381365674508","0.161423682247538","0.311120988796852","0.0858458981529587","-0.0287612710407751","0.45"
"87","10314","Staten Island","0.0226656291685193","0.0249659657294585","0.0140323138494985","0.123603871928518","0.0318271838487084","0.0247398363309648","0.125917369963506","0.179303884158969","0.0703374399244683","-0.0632477323598852","0.7"
"88","10451","Bronx","0.0478648424543947","0.0486951450648783","0.0162348493272545","0.162298387096774","0.00110255118580977","0.290431294587989","0.265403632346087","-0.0326225127520321","-0.00522887762076505","0.467536998115981","5.98"
"89","10452","Bronx","0.0444071143710809","0.0441729687802986","0.0209512607513049","0.134476534296029","0.0240041436008176","0.36987390550874","0.146646077569553","-0.11549220645708","0.0374141414132389","0.0750366582551975","5.12"
"90","10453","Bronx","0.0375644517949217","0.0439867598381758","-0.0695712706277384","0.106519742883379","0.048454349358497","0.24434137056858","0.530190267421181","-0.0721447503642195","0.0236664989850948","-0.546940456406668","6.41"
"91","10454","Bronx","0.0207999172142598","0.0196196563285834","0.105421966391236","0.21203830369357","0.0257234464215238","0.07921962183797","-2.58285645090269","0.0756599399083054","-0.0424028482695172","0.228481499031557","3.68"
"92","10455","Bronx","0.104422200291367","0.106313161336345","0.161246027698223","0.174725274725275","0.0491169664546988","0.243661220496935","0.72730907534466","0.128717990669071","-0.0317817691196583","-1.01927856320236","4.91"
"93","10456","Bronx","0.072580730349541","0.0699763339070568","0.154168537644065","0.139720558882236","0.0170361426539469","0.217420450634314","0.395053586442716","-0.0794542703121122","0.0319145565898604","-0.174204189489364","5.83"
"94","10457","Bronx","0.0826901728603901","0.0835261484338001","0.0958351827193372","0.107497741644083","0.0337773760753247","0.0958912664513143","-0.196412378839108","0.0745756276753785","-0.040678800696959","-0.0275015982025302","6.1"
"95","10458","Bronx","0.12031894031025","0.122005632154482","0.23813377322668","0.100425531914894","0.035690693652755","0.138182844382436","-0.549816307205451","-0.130082461224342","0.0744862829330518","-0.167166000438045","6.76"
"96","10459","Bronx","0.0387565190714797","0.0395876628052921","0.149406102010713","0.130478087649402","-0.0264525374989357","0.220455242842183","-0.185774105930285","0.0690584564313833","-0.0143407619006361","0.047950354609929","6.89"
"97","10460","Bronx","0.0783419996050813","0.0729300371734818","0.128063819947587","0.0892156862745098","0.0157639686120237","0.218030498777561","-0.374147653449056","0.09111432887376","-0.0196408530392395","0.0526373133135528","7.19"
"98","10461","Bronx","-0.0113286685874444","-0.00837088214679083","0.0988056654788977","0.131221719457014","0.00455797734844353","0.0493285220219919","0.0134123224241467","0.189731239430388","0.174135380836081","-0.236511776811129","2.61"
"99","10462","Bronx","0.0439334242562004","0.0427771499676219","0.0792802529922741","0.113369820172009","0.0242611651284333","0.0223264273938766","0.0561146976644648","-0.0291432857416914","0.0242256541172937","-0.180348988715902","4.09"
"100","10463","Bronx","0.047925558925655","0.0510878232144891","0.0950900969752552","0.121188428459734","-0.0043467383979447","0.119020026071625","-0.307252117281097","0.0119388604267649","0.0329724548754263","-0.0449897180192304","2.79"
"101","10464","Bronx","0.120212530440558","0.12065530219172","0.304941208609837","-0.0288230584467574","-0.234581365782218","-0.0349080555452093","0.696528649816037","0.141206732651121","0.0520492014616055","-0.0505522828681336","1.99"
"102","10465","Bronx","0.00840317151957352","-0.00533559978279859","0.144804870476113","0.0964777947932619","-0.0268450535704573","0.0271084297800684","0.261257288143716","0.143455654532778","0.164856303999371","-0.172401045083056","1.11"
"103","10466","Bronx","0.0263426171349346","0.0241065036620959","0.117581052378472","0.104872006606111","-0.00158608237983905","0.130425594762701","0.335156635707664","-0.0655886299651021","0.107968493998039","0.0284611788569572","5.03"
"104","10467","Bronx","0.0622967736910765","0.0626765153160982","0.000650066419829852","0.114904246461282","0.0181309233623348","-0.0263606703030842","0.0212601625408568","-0.12303298810956","0.122875521848236","-0.181044965322489","5.67"
"105","10468","Bronx","0.0573290237840761","0.0609783133158588","0.0681676930900051","0.115702479338843","0.0302970671459292","-0.0077747421624206","-0.224443545069879","-0.270264588220612","0.0725797843204764","-0.251450065076739","5.58"
"106","10469","Bronx","0.0195595003287311","0.0190056818181818","0.0878376166311999","0.103500761035008","-0.0105638099051448","-0.00525768626755509","0.202178812197762","-0.0305376039416158","0.109000753393161","-0.308992057814127","2.76"
"107","10470","Bronx","-0.0722998903508772","-0.0744973836408703","0.0105898549189876","0.152190051967335","0.00527214308555719","0.187817063009245","-0.0401151071183667","0.0143120233541523","0.0703113015498662","-0.0248215066032556","5.55"
"108","10471","Bronx","0.0112522686025408","-0.00936201546310419","0.119186477536697","0.179883945841393","0.0124155586923052","-0.089599569239713","0.179306306808677","0.217427121663094","0.05954981511367","-0.0814721884671605","1.85"
"109","10472","Bronx","0.0146393128663455","0.0120409568312655","-0.0327199032458406","0.123467600700525","0.0329077434218009","-0.0486109771548101","0.0756691328219112","0.0596639654892673","-0.0346385038304624","0.304164239870386","4.64"
"110","10473","Bronx","0.0660152564328093","0.0657678818494804","0.0336039461514747","0.171858216970999","0.00774753489840446","0.026572804693562","-0.0615214796052263","0.0105119456442962","-0.0173084194457952","0.359633391047201","2.76"
"111","10474","Bronx","-0.00912119289340101","0.00699181446111869","0.100362990423231","0.156723063223508","-0.0717649263071037","0.284640434108394","-1","0.245716929193979","-0.0882271657073742","-0.399605066236891","7.27"
"112","10475","Bronx","0.0591306706448769","0.0533535518488277","0.0671810235154102","0.130869130869131","0.131645244452408","0.0538046013182489","0.256991324657991","-0.0401036803880246","0.0517281636109496","-0.332325090554472","1.97"
"113","11001","Queens","0.032345590860407","0.0342424134110162","0.0319668223853561","0.0822006472491909","0.174476851240723","0.116878731027252","0.315478716232293","-0.272402302852625","0.202874108956997","-0.0969576218832055","0.07"
"114","11004","Queens","0.0642201834862385","0.0228693181818182","0.155912768579542","0.182389937106918","-0.0082351222121691","-0.168748947880757","0.0504754027811399","0.392236139738914","0.185878529684854","-0.19477920642743","0.37"
"115","11005","Queens","-0.114074914869467","-0.114074914869467","-0.352020231269667","?","-1.26292564591023","-0.234502335195874","-1","-1","-2.0418860021509","0.017950552113046","0"
"116","11040","Queens","0.0506644518272425","0.0502163678729374","0.157559283115392","0.219303255282696","0.0531670336342242","0.0811403095296763","0.244154795976829","-0.113927832191708","0.212287461671125","-0.281167914496505","0.07"
"117","11096","Queens","0.0601695899639912","0.063045248342445","-0.013661252900232","0.0758364312267658","0.189685929734176","-0.0367391435244604","-0.331620037640699","-0.0768412917521028","-0.0163176080280573","0.13253175377521","0"
"118","11101","Queens","0.154131429363649","0.159420289855072","0.241195175059621","0.214285714285714","-0.155416146266023","0.194495180668177","0.193542095634583","-0.0378876801218035","-0.403435494610438","0.162468596645432","2.72"
"119","11102","Queens","-0.000444747531651199","-0.00514446371956691","0.196703951287312","0.15203955500618","-0.0253525860435148","0.152221660077549","0.0722841790368794","0.19540522765943","-0.020601814081368","-0.0383023023704858","1.46"
"120","11103","Queens","0.0344936376064781","0.034235563872124","0.143877723098622","0.153230769230769","0.0103518915162824","0.054784134218566","0.179990263801444","-0.0102080699112376","-0.0853491895317405","-0.0157077632635429","1.38"
"121","11104","Queens","-0.0231681243926142","-0.0209893882646692","0.141535439308007","0.136786188579017","-0.0731729940922135","0.209968855224554","-0.381007624201288","0.478743208844649","0.05955517359287","0.125514314031206","1.72"
"122","11105","Queens","-0.00402274190087964","-0.00496657628392709","0.15391623806025","0.154501216545012","-0.0167857209189336","0.164868223651369","0.321057902052775","0.319383750763298","-0.10105860685858","-0.0551634768777664","1.19"
"123","11106","Queens","0.0786068659469971","0.0781757330535991","0.186974063400576","0.217084136159281","-0.047559487165059","0.296178356792819","0.293015183659696","-0.250853524506129","-0.0406188080783434","-0.133383564607013","1.54"
"124","11109","Queens","0.38240845602114","0.38240845602114","0.0816794226348107","0.345864661654135","0.0828564060704339","0.0520108457150022","0.394021839190503","0.0300116482908152","-0.406991202223476","-0.164149374590492","2.08"
"125","11201","Brooklyn","0.156121278692232","0.160298038143414","0.195395290520928","0.258407079646018","0.00168991122940319","0.0548317645370543","0.1918480524827","-0.00132414723440736","-0.0644375458411022","-0.0543005762947787","1.04"
"126","11203","Brooklyn","-0.0554422350603377","-0.0669519491320795","-0.0179061071873702","0.126782884310618","-0.0325338719821932","0.0970746555080413","0.166892185847999","-0.00899566844651652","-0.011387574316965","0.175922885735519","4.2"
"127","11204","Brooklyn","-0.00356000799440392","-0.00537459283387622","0.047083923026552","0.125666412795126","-0.00865431784269339","0.201485598249261","0.125432515424233","0.562681551549114","-0.0720538279413533","-0.0812767213086797","0.86"
"128","11205","Brooklyn","0.111256312571985","0.115420086691875","0.177221080389343","0.131639722863741","0.0579374199098426","0.239601815104055","0.40668580290752","0.0235637862032469","-0.278710019428815","0.0402428508525098","1.83"
"129","11206","Brooklyn","0.0875158089031185","0.0879542203147353","0.162299982416037","0.184475806451613","0.0490283545303197","0.376133478197797","0.249010165134517","-0.166372604982074","-0.152295792242791","0.218762193973766","1.64"
"130","11207","Brooklyn","0.00568157269388637","0.0046187106918239","0.0884414532659387","0.113879003558719","-0.0121070925089411","0.276627491290636","0.325263425066849","-0.0338928886146477","-0.0114519628231254","0.372031672682581","4.56"
"131","11208","Brooklyn","0.0519138635332089","0.0515455567142872","0.0990956855612812","0.0875613747954174","0.0183402571237956","0.317004659820394","0.230815369510801","0.0361925779284639","-0.0712753993714528","-0.27989804111946","4.37"
"132","11209","Brooklyn","-0.0659896983075791","-0.0656177654570388","0.170528040472563","0.14031485284052","-0.0910189292432045","0.109595438536189","0.143206229118922","0.418051714591723","0.0209961016845939","-0.0485184911682313","1.66"
"133","11210","Brooklyn","0.0717081231518525","0.0689615020740849","0.121185813960966","0.15546875","0.0208674115280991","0.0252518966977079","0.28952883992907","0.0339676232736898","0.108891683358889","-0.155948621163679","3.19"
"134","11211","Brooklyn","0.108802678219772","0.10811078042655","0.331856064616641","0.276595744680851","-0.000903143667943543","0.262668504270478","0.419205379450236","0.262837607699631","-0.08382169278689","-0.0313612279573685","0.71"
"135","11212","Brooklyn","0.0188818196086006","0.00613330035860022","-0.0866144798847217","0.0658174097664544","0.0159932158813354","0.254701351728966","-0.157235324017413","-0.0445391464249854","0.165511606854331","0.315936686508779","5.23"
"136","11213","Brooklyn","0.075304873464355","0.077606265683218","0.129543887301744","0.130360205831904","0.0103656981387559","0.2430843879047","0.585700875671652","-0.0858319312687842","0.177691057246012","0.0434884050758576","4.27"
"137","11214","Brooklyn","0.136344834169469","0.13712745212953","0.223984496999116","0.188505747126437","0.0201538343202989","0.323552296862538","0.0847367602147037","0.284393633326814","0.0569607601416595","-0.116750935531864","1.21"
"138","11215","Brooklyn","0.0537914525100331","0.0522406010782053","0.202826516557878","0.19642016015073","-0.033063650380553","0.0436144741828063","0.0554981830006625","-0.383705734873707","-0.0424291974023014","-0.00899879630362631","0.45"
"139","11216","Brooklyn","0.0652847935899669","0.0658882839988097","0.255903614457831","0.170278637770898","0.0327826926271732","0.274831025148452","0.24921149259167","-0.253067138295314","0.0856690854859701","0.514331111662123","3.14"
"140","11217","Brooklyn","0.0324791493436138","0.0325513496901091","0.206832517535449","0.185185185185185","-0.0209400387849534","0.0496614760803985","0.121901699313843","-0.123366127555328","-0.161001685997515","0.0948774517175947","1.3"
"141","11218","Brooklyn","0.0310420997920998","0.0315412935063579","0.169924554183813","0.150033944331297","-0.0139369701638996","0.095983556495412","0.158745673983539","-0.142922176786632","-0.00603102821299444","-0.0545257775499454","0.97"
"142","11219","Brooklyn","-0.0115983357984231","-0.0106878567527335","0.0816407805655117","0.149776453055142","-0.0345337760608928","-0.0324234109207554","-0.0555065534303026","0.105186474160493","0.01449328553842","0.0103166952580914","0.7"
"143","11220","Brooklyn","-0.000637374019041549","-0.000500731067358343","0.10084823421603","0.138803680981595","-0.0214383074552566","0.00707691727156113","-0.00650390676765129","-0.222100749151985","0.0722527923236475","-0.15927835862734","0.95"
"144","11221","Brooklyn","0.0506529762468061","0.0479699517081023","0.202713589145643","0.158139534883721","0.0135571904714591","0.352519855752236","0.284955836555283","-0.106699790420383","-0.155612881000412","0.612911199649007","3.04"
"145","11222","Brooklyn","0.0848690460035283","0.0831313818924438","0.199943796543487","0.262615301139447","0.0703171260696509","0.159462088605617","0.168130478055093","0.553157806083331","-0.0675752055471891","-0.0374964146443703","0.97"
"146","11223","Brooklyn","0.07612392554573","0.0764969763061366","0.115525804361909","0.195737963693765","0.0622632417677872","0.234204908506057","-0.0153510601213276","0.0888600753457842","0.239027823397061","-0.0872050479498065","1.25"
"147","11224","Brooklyn","0.0264565467244276","0.0245546244917215","0.00679734429339235","0.0433070866141732","-0.0423524483059824","0.161901258571477","-0.237719406014357","-0.0694593681227104","0.131783553261764","-0.017039496427886","2.39"
"148","11225","Brooklyn","-0.0114627628283779","-0.00990849805368788","0.220409813966029","0.181540808543097","-0.00214720868887655","0.284351129618959","0.147107261531145","-0.141432563577615","-0.111584574584719","0.374637816934012","3.39"
"149","11226","Brooklyn","0.0321684456791929","0.0345566227821358","0.172162078564801","0.161585365853659","-0.0250561673888506","0.25798279570869","0.061241867079681","-0.0944636902434067","0.0336038974967313","0.470291248445632","4.11"
"150","11228","Brooklyn","0.028650729698272","0.0280188891387452","0.0389971270232507","0.0993377483443709","0.0319741006243078","0.256266703458002","0.259773054138995","-0.775707531266606","0.253092403656871","-0.22067353961153","0.63"
"151","11229","Brooklyn","0.0758720387987316","0.0767262231674398","0.162902491271274","0.150837988826816","-0.059372562746374","0.0501512885839239","0.0831651428754927","0.152345479888009","0.319908447208156","-0.113759732263706","1.16"
"152","11230","Brooklyn","0.06149107548445","0.062913870432818","0.0748701453936931","0.121559633027523","0.032776425113878","0.0290880731438031","0.135292143643185","-0.175631978045002","0.0493879174753137","-0.0271639591162673","1.43"
"153","11231","Brooklyn","0.0872346072186836","0.0852438959519123","0.23057440555704","0.142120343839542","-0.0390696090707971","-0.0354636857972152","-0.10847465288334","-0.0693080664311669","-0.121592840357332","0.0360232497016479","0.96"
"154","11232","Brooklyn","0.00996826710816777","0.0136663172083271","0.247514283594272","0.143356643356643","-0.0325917420814445","0.237521360476469","0.33780337933707","0.212037121154512","-0.112251753176784","-0.0841414929626929","1.36"
"155","11233","Brooklyn","0.0976367661572111","0.0977680607345012","0.0108028548418451","0.106420404573439","0.0545671689871109","0.215915713415348","0.348268085370684","-0.0723051107630407","0.0461459205929501","0.591582740205364","4.99"
"156","11234","Brooklyn","0.0240533655272608","0.0235614977648362","0.142319788652661","0.125","-0.0178313530547607","0.124885480342455","0.376165640313671","0.0180454319963544","0.180221030206745","-0.124070315117417","1.48"
"157","11235","Brooklyn","0.096918551020917","0.0941988950276243","0.148128008378144","0.14759273875296","-0.0220705058190905","-0.0576984232112415","0.129657121307897","-0.239491673158647","-0.00904914200564811","-0.0288741300202132","1.94"
"158","11236","Brooklyn","0.0352667614003359","0.0350972030352173","0.0461852433281005","0.0773854244928625","0.00844296120385225","0.145564560578975","0.0609174580907324","0.0136895493110732","-0.227845677764145","-0.125070864151466","2.68"
"159","11237","Brooklyn","-0.0136088227986009","-0.0173471546435371","0.265911174393883","0.184173669467787","0.0134608281217251","0.506432777954918","0.137378416932395","0.179910453319756","-0.189414802353604","0.456774617314784","1.52"
"160","11238","Brooklyn","0.0607422650637207","0.0554187865856994","0.177591029324288","0.188459177409454","0.00349330343580663","0.0810606708824701","-0.101719470927473","-0.126126678392145","-0.0331998626059851","0.111704621355599","1.73"
"161","11239","Brooklyn","-0.0107763706442225","-0.0126971608832808","0.0523805861087609","-0.219020172910663","-0.0251358816951528","0.0418490326889137","0.118438580092603","0.217869655083595","-0.204722969149276","-0.436358789484379","4.98"
"162","11211","Brooklyn","0.108802678219772","0.10811078042655","0.331856064616641","0.276595744680851","-0.000903143667943543","0.262668504270478","0.419205379450236","0.262837607699631","-0.08382169278689","-0.0313612279573685","0.32"
"163","11211","Brooklyn","0.108802678219772","0.10811078042655","0.331856064616641","0.276595744680851","-0.000903143667943543","0.262668504270478","0.419205379450236","0.262837607699631","-0.08382169278689","-0.0313612279573685","0"
"164","11354","Queens","0.0351422714796929","0.0377619115958668","-0.0836628324946082","0.0892351274787535","-0.0300869477825733","-0.558856254947844","0.0750477793378483","-0.0279362415381858","-0.0655649258048137","-0.16605719650941","1.91"
"165","11355","Queens","-0.0126432621546628","-0.0124638596661726","-0.127130570758405","0.0527881040892193","-0.00632549023591637","-0.47080194977366","0.0346531639347785","0.14694337818969","-0.0395605442544699","-0.107004006965346","1.27"
"166","11356","Queens","0.0466159790602019","0.0453426771784925","0.00708400321543408","0.091703056768559","-0.00474851963757383","-0.257725110016451","0.145130619779471","0.213837712144617","0.106836851708672","-0.396702670168717","1.7"
"167","11357","Queens","0.0166211678303095","0.0170259408111071","0.0621691979322172","0.138346727898967","-0.199841564175535","0.122757653982419","0.267677897843646","0.174856581325566","0.136886558287596","-0.156850286879637","0.6"
"168","11358","Queens","-0.0590925079141752","-0.0586388001516054","-0.0302129466723291","0.0878079595704359","-0.00168847162875385","-0.156165308298171","0.103487703165448","-0.612157170433302","0.101854176960899","-0.159414600159314","0.88"
"169","11360","Queens","-0.060868673401364","-0.0582952737722584","0.0951512855722335","0.0563029397110115","-0.191434206818822","0.0190895197491301","0.0367348609299936","-0.305171336783866","-0.136106832895784","-0.000751522252903873","0.89"
"170","11361","Queens","-0.00429966978536048","-0.00370525727069351","0.111960497439649","0.114982578397213","0.0141835794616815","0.000917347117299012","0.202308613609766","-0.171433809678271","0.0289452078724992","-0.129193968468707","0.75"
"171","11362","Queens","0.0120913083554736","0.0130522636666485","-0.0646186964913149","0.0772889417360285","0.0415756951975","-0.227876322795062","0.148812992776981","-3.30539114526162","-0.236153291980807","-0.0978641240587987","0.4"
"172","11363","Queens","-0.00255961201670484","-0.00553979192001081","0.0620960484332815","0.150691952844695","-0.141715558975345","-0.227880205381462","-0.14984081799023","0.369430106231485","0.336122816666934","-0.0480209505495716","0.72"
"173","11364","Queens","0.0217082346384283","0.021505076425304","-0.0288469660706744","0.136498516320475","0.0425068743529236","-0.00560977485194499","0.0696846560119274","0.406122042458133","0.137372835065129","-0.138201913744504","0.6"
"174","11365","Queens","0.0887742785032371","0.085048706307577","0.115420376644866","0.0822481151473612","-0.0753862675781196","-0.0382870211088711","-0.00567277576035934","0.192659057359797","0.0321089579582425","-0.0976933409296825","1.5"
"175","11366","Queens","0.0499720436119653","0.0511644318983769","-0.128346867317291","0.129310344827586","0.0714255592606719","-0.0227172839214058","0.234371893348266","-0.117045538144633","-0.218559409165047","-0.214207254468253","0.7"
"176","11367","Queens","0.0936178039359941","0.0844868173258004","0.114130065847532","0.128624535315985","-0.00918182582175295","-0.130557236775344","0.12324314231396","-0.373138230912867","0.138590534449151","-0.0693795163870575","1.65"
"177","11368","Queens","0.0886285729238445","0.0888429569564795","0.0321131586644938","0.125163826998689","-0.0166891641297641","0.0590696546088005","-0.00241850517781099","0.0367926539981107","0.00839265728984483","-0.258594610270009","2.12"
"178","11369","Queens","-0.075954454119223","-0.0834197739804553","-0.0398120765170516","0.0899725274725275","-0.136864021795979","-0.0447097886648894","0.121619654889357","-0.138364024823839","-0.00506720036274196","0.233349119029173","1.06"
"179","11370","Queens","-0.117375477226316","-0.0640611337109835","0.123737500208678","0.131562302340291","-0.0490230766980241","0.118713126656504","0.109461386004957","-0.199186941141516","0.0466219877883544","0.039918893691572","0.7"
"180","11372","Queens","0.0224112725123643","0.0233533683946907","0.115134443970869","0.126618705035971","-0.00683307163354816","-0.0448557066576711","-0.0566975137156299","-0.0704549030081589","0.053408633752856","-0.0799651382882401","1.95"
"181","11373","Queens","-0.0111776488536942","-0.0134395429095724","0.0841989490406941","0.0841514726507714","-0.104794545198465","0.0433212180689475","0.0301794893525148","0.456242226986005","-0.068081744670865","-0.0649381231983562","1.3"
"182","11374","Queens","0.0242535599448783","0.023894945034727","0.0350843254840582","0.106675843083276","0.00021469980046987","0.00524482653067485","0.0953078410221847","0.330185524754279","0.0661361438729234","-0.136837333936773","1.49"
"183","11375","Queens","0.0437637961528442","0.0461655277145027","0.0513816417539592","0.138424821002387","-0.00342487314887796","0.0420507538842749","0.11384228092884","-0.161894390657859","0.216269630965668","-0.143146494919044","1.06"
"184","11377","Queens","0.0268040317545268","0.0329769966978228","0.0993107712451581","0.12697323266987","-0.039064720006596","0.0338951162531755","0.0716607277073317","-0.450793303399554","0.0231427356508927","-0.151084455966247","1.27"
"185","11378","Queens","0.102025443588885","0.101781242085713","0.148159509202454","0.129247168554297","0.0165247328224445","0.17013530395809","0.212169030731196","-0.135270968610516","0.215629532082212","-0.177659911303602","1.25"
"186","11379","Queens","0.0491418825285151","0.0472039296124366","0.151521244643284","0.0973084886128364","-0.0819422201636349","0.183440247248545","0.312965131894321","0.176337850708361","0.112249239950822","-0.0984997397814162","0.68"
"187","11385","Queens","0.0665115668211411","0.0653602760721775","0.205068159612909","0.115082201572552","-0.0437516919727719","0.242753262056173","0.10442715293008","0.025610158525153","-0.0523973062072808","0.0323866089789414","1.42"
"188","11411","Queens","0.0316658329164582","0.0319394304051344","0.0669601403170891","0.215938303341902","-0.114185920707436","0.10694844028392","-4.97378010737519","0.0140611982457971","0.0324076683591114","-0.266836067003557","1.67"
"189","11412","Queens","0.0559575618674838","0.0581320075610451","0.0533150968701449","0.16989247311828","0.0962934211816477","-0.129207647513776","0.323720569863754","-0.0316922869077496","0.18944675389024","-0.602200008994793","2.61"
"190","11413","Queens","0.0840191164471384","0.0815904983217144","0.068536646736721","0.059462915601023","0.153530804496738","0.0117648990058829","0.553384883422297","-0.022783761001292","0.18450491612434","0.101563324684125","2.49"
"191","11414","Queens","0.0148614868335445","0.0055403580456387","0.101016081066197","0.0841616964877402","0.0656330261577473","0.13760437128438","0.490676306672692","0.414111619493484","0.111984723164789","-0.0820070942096188","1.11"
"192","11415","Queens","0.0219095477386935","0.0221102996726265","0.0862975705127234","0.129363449691992","-0.0162233063328426","0.0929760960967909","0.223490099344148","-0.570398948632695","-0.174367170138754","0.0348179517399139","2.63"
"193","11416","Queens","0.0939529147168716","0.0957311534968211","0.098882271355144","0.0595322466335932","0.0718890388476146","0.178099170385691","-0.0684031644592673","-0.22422375855678","0.0714656829833185","-0.0334602379643817","2.15"
"194","11417","Queens","0.0647648419429453","0.0666790318093295","0.12437668776522","0.11461908030199","-0.149217612687813","0.212584658818534","0.106142073956406","-0.214820268271468","-0.0107511420735803","-0.203498049678456","1.79"
"195","11418","Queens","0.0622914915832633","0.0680577273076824","0.119964777696521","0.122362869198312","-0.00307976198832641","0.0657899559345314","0.161600254000389","-0.119141231882665","0.00781101953351534","-0.153752803179383","1.96"
"196","11419","Queens","0.0815582531684227","0.0808480538349774","0.181035138713457","0.0938137321549966","-0.0789930086883707","0.123931983497362","-0.082917571391723","0.00930525266394647","0.134053852505979","-0.0866626341586079","1.43"
"197","11420","Queens","0.0236861284314519","0.0246888514405214","0.0848233162186651","0.111187371310913","0.055145509889992","0.025114774602181","0.326517389054262","-0.152124534529046","-0.0768447833098614","-0.205744709222114","1.88"
"198","11421","Queens","0.0389055936832924","0.0359674030980908","0.173229258685358","0.16147859922179","-0.132066239343582","0.0745531404191248","0.0932382289045104","-1.08258804598429","0.0400571369727683","-0.00451984883154258","1.48"
"199","11422","Queens","0.0108426177603871","0.0128684722430046","0.0212078716262817","0.0165745856353591","0.157963428840563","-0.064235478704557","-0.691783125543128","-0.0255783048592924","0.354487440544784","-0.000921362516610722","2.37"
"200","11423","Queens","0.03030209522634","0.0279268254416518","0.0678203295463095","0.134529147982063","0.106359360121362","0.173455853214508","0.274681023014335","-0.0524620882153509","-0.297039531760954","-0.000422764108052055","2.62"
"201","11426","Queens","0.109562505905698","0.110372340425532","0.0595015352139704","0.232028053769725","0.0508237993228836","-0.0658741600024683","0.104285628201846","0.358084192461951","0.23950370717223","-0.297735206147772","0.68"
"202","11427","Queens","-0.0332647318241001","-0.0433379239111723","0.033427559897906","0.0909774436090226","-0.0537937836294339","-0.161706608499693","-0.0240076497355844","-0.103189652103937","0.0638973917699984","-0.102730503874721","1.43"
"203","11428","Queens","0.00377662520771439","0.00478903059938499","0.0265827553967877","0.105923344947735","-0.0281308650947252","-0.543753164279233","-0.169757968229581","-0.175704878461765","-0.138309119197998","0.279854849962007","1.73"
"204","11429","Queens","-0.0326743051288539","-0.028251870143075","0.124105189898588","0.124025513819986","-0.186325309405717","0.183417032343568","-0.324630111498699","-0.0192651997772355","0.0837957831464246","-0.794529550854655","2.43"
"205","11432","Queens","0.0982057820516759","0.0921558322110173","0.053704577630958","0.113652609006433","0.0452438244959815","-0.0157224884161232","0.0725560003406865","-0.123673167434726","0.00145966859183016","-0.0938860469373966","2.45"
"206","11433","Queens","0.143479830089675","0.150002783499415","0.110175222871196","0.150214592274678","0.00897671580379793","0.0851222922971526","0.147664646377724","-0.090455077059948","0.203656551807077","-0.0501766555379081","4.23"
"207","11434","Queens","0.0730161109029599","0.0758573283433896","0.0545122071760403","0.0743362831858407","-0.00165657766955244","0.182222172367537","0.209162603792445","-0.0145026068553379","-0.131981032232455","0.069677501305008","2.86"
"208","11435","Queens","0.116965582463607","0.119021153615952","0.0944150499706055","0.128782547501759","0.0833723251330505","-0.0550077262967846","0.0521716398355689","-0.0626379289717562","-0.0475711359918609","-0.209558142542124","2.48"
"209","11436","Queens","0.171681415929204","0.171690946680129","0.121846980175862","0.0107238605898123","-0.0550143260348956","-0.0732888951773072","0.345547200434946","-0.253080003080003","0.459142353698621","0.286811448733157","2.63"
"210","11691","Queens","0.0598873860089357","0.0586837615015389","0.0896215299052646","0.110912343470483","0.0186630856084915","0.0792029180158502","0.239389433077194","-0.050729005695761","0.0314738013950454","0.0766679540176114","4.19"
"211","11692","Queens","0.166584329611698","0.172555043522785","0.130936790640824","0.151419558359621","-0.0217522518443076","0.334700883547544","0.792811753605179","-0.14511729673969","0.229518898058148","-0.249400363188152","5.58"
"212","11693","Brooklyn","0.101817609568023","0.102251259445844","0.12946747210278","0.215628090999011","0.00247819258724673","0.0246171420533824","0.146612681239175","-0.628216327484743","0.183599131080775","0.0772478543193538","2.68"
"213","11694","Queens","-0.0132362043517593","-0.0270594708147852","0.0471198112112654","0.112567463377024","0.144992153455821","0.158842625775925","0.386368899884477","-0.15747936657112","-0.0251187113075883","-0.00605759064518844","2.14"
"214","11697","Queens","-0.173419773095624","-0.173149648838466","0.130882235048902","?","-0.64766458256712","0.065679316046296","1","0.690105474635861","0.848496009821977","-0.0473650414205697","0"
